NOMBRE,MARCA,SKU,CATEGORIA,SUBCATEGORIA,PROMO,PRECIO_ANTES,PRECIO,TALLAS,CONDICION,DESCRIPCION,FOTOS,DESTACADO,LANZAMIENTO
SB Dunk Low Rayssa Leal,Nike,SB-DUNK-01,sneakers,,NO,,1100000,"10,9",nuevo,Comisión incluida en el precio.,/products/SB-DUNK-01.fa527f87.webp,NO,106
Jordan 4 Brick After Brick,Jordan,AJ4-01,sneakers,,NO,,1519000,"11,9,9.5,8.5",nuevo,Comisión incluida en el precio.,/products/AJ4-01.bddb89f6.webp,NO,115
Jordan 4 SB Navy,Jordan,AJ4-02,sneakers,,NO,,850000,9,usado,Usado con caja. Comisión incluida en el precio.,/products/AJ4-02.30726d48.webp,NO,107
Jordan 4 Military Blue,Jordan,AJ4-03,sneakers,,NO,,900000,8.5,usado,Usado con caja. Comisión incluida en el precio.,/products/AJ4-03.394905c0.webp,NO,115
Air Max 1 Patta Hyper Crimson,Nike,AM1-01,sneakers,,NO,,900000,9,nuevo,Comisión incluida en el precio.,/products/AM1-01.a1acd870.webp,NO,102
Skel Top Low Camo Black,Amiri,AMIRI-01,sneakers,,NO,,2250000,10,nuevo,Talla 10 US / 43. Comisión incluida en el precio.,/products/AMIRI-01.dadc7e03.webp,NO,119
Air Max 1000 Black,Nike,AM-01,sneakers,,NO,,1120000,10,nuevo,Nuevo con caja. Comisión incluida en el precio.,/products/AM-01.d8d388b6.webp,NO,108
Premium Supreme Black,Timberland,TMB-01,sneakers,,NO,,1350000,7,nuevo,Nuevo con caja. Comisión incluida en el precio.,/products/TMB-01.89eb50e9.webp,NO,117
Jumpman Jack Green V,Jordan,AJ4-04,sneakers,,NO,,1000000,10.5,nuevo,Nuevo con caja. Comisión incluida en el precio.,/products/AJ4-04.f1ffb59b.webp,NO,115
Jordan 4 LA Lakers,Jordan,AJ4-05,sneakers,,NO,,1000000,9.5,nuevo,Nuevo con caja. Comisión incluida en el precio.,/products/AJ4-05.f2e124f5.webp,NO,112
Jordan 5 Wolf Grey,Jordan,AJ5-01,sneakers,,NO,,1200000,"10,9.5,9,8",nuevo,Nuevo con caja. Comisión incluida en el precio.,/products/AJ5-01.68519485.webp,NO,121
SL72 Brown,Adidas x Bad Bunny,ADI-SL72-01,sneakers,,NO,,750000,9,nuevo,Nuevo con caja. Comisión incluida en el precio.,/products/ADI-SL72-01.5af49ac1.webp,NO,118
Jordan 1 Bred,Jordan,AJ1-01,sneakers,,NO,,1570000,9.5,nuevo,Nuevo con caja. Comisión incluida en el precio.,/products/AJ1-01.3417c3cf.webp,NO,107
Jordan 4 SB Navy,Jordan,AJ4-06,sneakers,,NO,,1260000,"8,9,10.5",nuevo,Nuevo con caja. Comisión incluida en el precio.,/products/AJ4-06.30726d48.webp,NO,117
Paso Fino,Adidas x Bad Bunny,ADI-BB-01,sneakers,,NO,,600000,10,nuevo,Nuevo con caja. Comisión incluida en el precio.,/products/ADI-BB-01.4412df88.webp,NO,116
Dunk SB Futura,Nike,SB-DUNK-02,sneakers,,NO,,1040000,"7.5,8.5,9",nuevo,Nuevo con caja. Comisión incluida en el precio.,/products/SB-DUNK-02.19e01266.webp,NO,118
Jellyfish Triple Black,Adidas,ADI-BB-02,sneakers,,NO,,2200000,8.5,nuevo,Nuevo con caja. Comisión incluida en el precio.,/products/ADI-BB-02.f41a1ac6.webp,NO,119
Kobe All Star,Nike,KOBE-01,sneakers,,NO,,1900000,"7,7.5,8.5,9",nuevo,Nuevo con caja. Comisión incluida en el precio.,/products/KOBE-01.67d49f5c.webp,NO,116
Jordan 3 SoleFly,Jordan,AJ3-01,sneakers,,NO,,1380000,"10.5,8.5,12",nuevo,Nuevo con caja. Comisión incluida en el precio.,/products/AJ3-01.9348e903.webp,NO,120
Jordan 4 Rare Air,Jordan,AJ4-07,sneakers,,NO,,1000000,"9.5,8.5,10",nuevo,Nuevo con caja. Comisión incluida en el precio.,/products/AJ4-07.0abb9350.webp,NO,120
Jordan 2 Balvin,Jordan,AJ2-01,sneakers,,NO,,750000,8.5,nuevo,Nuevo con caja. Comisión incluida en el precio.,/products/AJ2-01.cf911f9c.webp,NO,108
x JFG 1980,New Balance x Joe Freshgoods,NB-01,sneakers,,NO,,920000,9,nuevo,Nuevo con caja. Comisión incluida en el precio.,/products/NB-01.a3343eac.webp,NO,122
JFG 993,New Balance x Joe Freshgoods,NB-02,sneakers,,NO,,950000,9,nuevo,Nuevo con caja. Comisión incluida en el precio.,/products/NB-02.85f13225.webp,NO,119
530 x Bembury,New Balance,NB-03,sneakers,,NO,,780000,9,nuevo,Nuevo con caja. Comisión incluida en el precio.,/products/NB-03.a7f078e9.webp,NO,108
Gel Goblin x Marvel,Asics,ASICS-01,sneakers,,NO,,1170000,9,nuevo,"Nuevo con caja, sin el cómic incluido. Comisión incluida en el precio.",/products/ASICS-01.9bb03e27.webp,NO,137
Gel NYC,Asics,ASICS-02,sneakers,,NO,,700000,9,nuevo,Nuevo con caja. Comisión incluida en el precio.,/products/ASICS-02.dfea2330.webp,NO,99
Kayano 20 x Bodega,Asics,ASICS-03,sneakers,,NO,,700000,9,nuevo,Nuevo con caja. Comisión incluida en el precio.,/products/ASICS-03.d2113007.webp,NO,110
Gel Venture Shield x Hidden,Asics x Hidden.NY,ASICS-04,sneakers,,NO,,700000,9,nuevo,Nuevo con caja. Comisión incluida en el precio.,/products/ASICS-04.5da8d5e6.webp,NO,131
x Hidden,Asics x Hidden.NY,ASICS-05,sneakers,,NO,,1350000,9,nuevo,Nuevo con caja. Comisión incluida en el precio.,/products/ASICS-05.39ebb345.webp,NO,113
Gel-DS Trainer 14 x Hidden,Asics x Hidden.NY,ASICS-06,sneakers,,NO,,700000,9,nuevo,Nuevo con caja. Comisión incluida en el precio.,/products/ASICS-06.d40afad1.webp,NO,130
x Ronnie Fieg,New Balance,NB-04,sneakers,,NO,,1650000,9.5,nuevo,Nuevo con caja. Comisión incluida en el precio.,/products/NB-04.c0d484fb.webp,NO,111
Jordan 1 Travis Scott Tropical Pink,Jordan,AJ1-02,sneakers,,NO,,1800000,"8.5,9,10,10.5,11",nuevo,Nuevo con caja. Comisión incluida en el precio.,/products/AJ1-02.b84f071f.webp,NO,144
Yeezy Foam Runner Stone Sage,Adidas,YZY-FOAM-01,sneakers,,NO,,350000,4,nuevo,Nuevo con caja. Comisión incluida en el precio.,/products/YZY-FOAM-01.bd692829.webp,NO,124
Dunk Hyper Cobalt,Nike,DUNK-01,sneakers,,NO,,450000,7.5,nuevo,Nuevo con caja. Comisión incluida en el precio.,/products/DUNK-01.0d676fc6.webp,NO,109
Forum Buckle Low Blue Tint,Adidas x Bad Bunny,ADI-BB-05,sneakers,,NO,,1800000,8,nuevo,Nuevo con caja. Comisión incluida en el precio.,/products/ADI-BB-05.fc55fc1a.webp,NO,133
SB Dunk Low Supreme Rammellzee Black,Nike,SB-DUNK-03,sneakers,,NO,,1500000,8,nuevo,Nuevo con caja. Comisión incluida en el precio.,/products/SB-DUNK-03.97faa553.webp,NO,130
Yeezy Slide Azure,Adidas,YZY-SLIDE-01,sneakers,,NO,,400000,8,nuevo,Nuevo con caja. Comisión incluida en el precio.,/products/YZY-SLIDE-01.3a99ff60.webp,NO,114
Clog Grateful Dead,Crocs,CROCS-01,sneakers,,NO,,450000,6,nuevo,Nuevo con caja. Comisión incluida en el precio.,/products/CROCS-01.d6057a18.webp,NO,110
McDonald's x Palace Camiseta,Palace,PALACE-MCD-01,streetwear,ropa,NO,,250000,L,nuevo,Nuevo con bolsa y etiquetas. Comisión incluida en el precio.,/products/PALACE-MCD-01.25860825.webp,NO,NO
Gallery Dept t shirt,Gallery Dept,GALLERYDEPT-01,streetwear,ropa,NO,,550000,"XL,M",nuevo,Nuevo con bolsa y etiquetas. Comisión incluida en el precio.,"/products/GALLERYDEPT-01-1.c7dee5cb.webp,/products/GALLERYDEPT-01-2.f944380b.webp",NO,NO
Gallery Dept Skull Tee,Gallery Dept,GALLERYDEPT-02,streetwear,ropa,NO,,700000,M,nuevo,Nuevo con bolsa y etiquetas. Comisión incluida en el precio.,"/products/GALLERYDEPT-02-1.830c822a.webp,/products/GALLERYDEPT-02-2.7bff7ce3.webp",NO,NO
Canguro Jordan Gris,Jordan,JORDAN-CANGURO-01,streetwear,ropa,NO,,220000,,nuevo,Nuevo con bolsa. Rareza alta (🔥). Comisión incluida en el precio.,/products/JORDAN-CANGURO-01.a0cd4cd9.webp,NO,NO
Essentials Light Tusca,Essentials,ESSENTIALS-TUSCA-01,streetwear,ropa,NO,,810000,M,nuevo,Nuevo con bolsa. Comisión incluida en el precio.,/products/ESSENTIALS-TUSCA-01.4fe56f40.webp,NO,NO
Essentials Jet Black S23,Essentials,ESSENTIALS-JETBLACK-01,streetwear,ropa,NO,,614000,S,nuevo,"Talla S, calza como M. Nuevo con bolsa. Comisión incluida en el precio.",/products/ESSENTIALS-JETBLACK-01.ec5d0def.webp,NO,NO
Essentials Jet Black S23,Essentials,ESSENTIALS-JETBLACK-02,streetwear,ropa,NO,,614000,M,nuevo,"Talla M, calza como L. Nuevo con bolsa. Comisión incluida en el precio.",/products/ESSENTIALS-JETBLACK-01.ec5d0def.webp,NO,NO
Denim Tears Zip Up Hoodie 2024 SS,Denim Tears,DENIMTEARS-01,streetwear,ropa,NO,,1100000,L,nuevo,Nuevo con bolsa y etiquetas. Comisión incluida en el precio.,"/products/DENIMTEARS-01-1.65fd8807.webp,/products/DENIMTEARS-01-2.6b3ed710.webp",NO,NO
Cap Special Edition,Supreme,SUPREME-CAP-01,streetwear,accesorio,NO,,420000,Regulable,nuevo,Nuevo con bolsa y etiquetas. Comisión incluida en el precio.,/products/SUPREME-CAP-01.d4e66247.webp,NO,NO
Always Prevail Camo Green,Supreme,SUPREME-PREVAIL-01,streetwear,ropa,NO,,430000,M,nuevo,Comisión incluida en el precio.,"/products/SUPREME-PREVAIL-01-1.5e49f352.webp,/products/SUPREME-PREVAIL-01-2.6b3ed710.webp",NO,NO
x Ferxxocalipsis,Salomon,SLMN-01,sneakers,,NO,,1150000,9.5,nuevo,Nuevo con caja. Comisión incluida en el precio.,/products/SLMN-01.0c8a0654.webp,NO,112
Air Max 95 SB Flor Cactus,Nike,AM95-01,sneakers,,NO,,980000,9.5,nuevo,Nuevo con caja. Comisión incluida en el precio.,/products/AM95-01.6a84c19c.webp,NO,117
Camiseta Brasil 2004,Nike,NIKE-BRASIL2004-01,streetwear,ropa,NO,,950000,L,nuevo,Camiseta Ronaldinho. Comisión incluida en el precio.,/products/NIKE-BRASIL2004-01.53c0e8e3.webp,NO,NO
The 170 Tee,Anti Social Social Club,ASSC-170TEE-01,streetwear,ropa,NO,,250000,M,nuevo,Comisión incluida en el precio.,/products/ASSC-170TEE-01.11d95220.webp,NO,NO
Pack Medias,Supreme,SUPREME-PACKMEDIAS-01,streetwear,accesorio,NO,,240000,,nuevo,Nuevo sellado. Rareza alta (🔥). Comisión incluida en el precio.,/products/SUPREME-PACKMEDIAS-01.4383d7a2.webp,NO,NO
x Bape Milo Tee,Adidas x Bape,ADIBAPE-MILOTEE-01,streetwear,ropa,NO,,390000,M,nuevo,Comisión incluida en el precio.,/products/ADIBAPE-MILOTEE-01.62754732.webp,NO,NO
Fog Sand Hoodie,Essentials,ESSENTIALS-FOGSAND-01,streetwear,ropa,NO,,550000,L,nuevo,Comisión incluida en el precio.,/products/ESSENTIALS-FOGSAND-01.fbfadcd6.webp,NO,NO
Fog Tuscan Hoodie,Essentials,ESSENTIALS-FOGTUSCAN-01,streetwear,ropa,NO,,550000,M,nuevo,Comisión incluida en el precio.,/products/ESSENTIALS-FOGTUSCAN-01.b0d8b52b.webp,NO,NO
Travis Scott Shy Pink,Jordan,AJ1-05,sneakers,,NO,,1800000,"8,7.5,8.5,9,9.5,10",nuevo,Nuevo con caja. Comisión incluida en el precio.,/products/AJ1-05.9d5497d6.webp,NO,132
Socks Black,Supreme,SUPREME-SOCKSBLACK-01,streetwear,accesorio,NO,,240000,,nuevo,Nuevo sellado. Rareza alta (🔥). Comisión incluida en el precio.,/products/SUPREME-SOCKSBLACK-01.1d97d92e.webp,NO,NO
Jordan 3 Rio,Jordan,AJ3-02,sneakers,,NO,,1900000,"9,10.5",nuevo,Nuevo con caja. Comisión incluida en el precio.,/products/AJ3-02.541f8442.webp,NO,111
SB Dunk Albino and Preto,Nike,SB-DUNK-04,sneakers,,NO,,930000,"10,9.5",nuevo,Nuevo con caja. Comisión incluida en el precio.,/products/SB-DUNK-04.39efc453.webp,NO,119
Towels Pack 3,Supreme,SUPREME-TOWELS3-01,streetwear,accesorio,NO,,220000,,nuevo,Rareza muy alta (🔥🔥🔥). Comisión incluida en el precio.,/products/SUPREME-TOWELS3-01.6b7640dd.webp,NO,NO
x Kith,Salomon,SLMN-02,sneakers,,NO,,1300000,8.5,nuevo,Nuevo con caja. Comisión incluida en el precio.,/products/SLMN-02.e5322f5f.webp,NO,102
Air Force 1 A Ma Maniere,Nike,AF1-01,sneakers,,NO,,980000,9,nuevo,Nuevo con caja. Comisión incluida en el precio.,/products/AF1-01.9ec8f7fa.webp,NO,113
Crewneck Salmon,Essentials,ESSENTIALS-CREWSALMON-01,streetwear,ropa,NO,,370000,"XS,M",nuevo,Comisión incluida en el precio.,/products/ESSENTIALS-CREWSALMON-01.261c9ce7.webp,NO,NO
Crewneck Olive Green,Essentials,ESSENTIALS-CREWOLIVE-01,streetwear,ropa,NO,,370000,"S,M,L,XL",nuevo,Comisión incluida en el precio.,/products/ESSENTIALS-CREWOLIVE-01.1710861d.webp,NO,NO
Double S 5 Panel,Supreme,SUPREME-DOUBLES5P-01,streetwear,accesorio,NO,,320000,Regulable,nuevo,Comisión incluida en el precio.,/products/SUPREME-DOUBLES5P-01.48a34dd3.webp,NO,NO
Eyelets Mesh Back 5 Panel,Supreme,SUPREME-EYELETS5P-01,streetwear,accesorio,NO,,320000,Regulable,nuevo,Comisión incluida en el precio.,/products/SUPREME-EYELETS5P-01.32deedb1.webp,NO,NO
Handstyle Cap,Supreme,SUPREME-HANDSTYLE-01,streetwear,accesorio,NO,,320000,7 1/2,nuevo,Comisión incluida en el precio.,/products/SUPREME-HANDSTYLE-01.1a78c8fb.webp,NO,NO
x Ferxxo Sunburst Logo,Hidden.NY,HIDDENNY-FERXXOSUN-01,streetwear,accesorio,NO,,320000,Regulable,nuevo,Comisión incluida en el precio.,/products/HIDDENNY-FERXXOSUN-01.720bbd3e.webp,NO,NO
Nocta x Nike Cap,Nike,NIKE-NOCTACAP-01,streetwear,accesorio,NO,,270000,SM-MD,nuevo,Comisión incluida en el precio.,"/products/NIKE-NOCTACAP-01-1.c8f9eb0a.webp,/products/NIKE-NOCTACAP-01-2.png",NO,NO
Ducati 6 Panel,Supreme,SUPREME-DUCATI6P-01,streetwear,accesorio,NO,,350000,Regulable,nuevo,Comisión incluida en el precio.,/products/SUPREME-DUCATI6P-01.298ab834.webp,NO,NO
Plum Hoodie,Essentials,ESSENTIALS-PLUM-01,streetwear,ropa,NO,,450000,L,nuevo,Comisión incluida en el precio.,/products/ESSENTIALS-PLUM-01.87095db2.webp,NO,NO
Fat Tip Puffer,Supreme,SUPREME-FATTIP-01,streetwear,ropa,NO,,2150000,L,nuevo,Comisión incluida en el precio.,/products/SUPREME-FATTIP-01.f58c84c9.webp,NO,NO
Faux Croc Blazer,Supreme,,streetwear,ropa,NO,,2100000,L,nuevo,Comisión incluida en el precio.,,NO,NO
Small Box Face Mask 2021,Supreme,,streetwear,accesorio,NO,,700000,M,nuevo,Comisión incluida en el precio.,,NO,NO
Coral Sweatpants,Essentials,,streetwear,ropa,NO,,400000,S,nuevo,Comisión incluida en el precio.,,NO,NO
Wood Sweatpants,Essentials,,streetwear,ropa,NO,,400000,S,nuevo,Comisión incluida en el precio.,,NO,NO
Fat Fit Pant,Supreme,,streetwear,ropa,NO,,800000,32,nuevo,Comisión incluida en el precio.,"/products/SUPREME-FAT-FIT-PANT.9450ef62.webp,/products/SUPREME-FAT-FIT-PANT-2.05fa9a15.webp,/products/SUPREME-FAT-FIT-PANT-3.10211532.webp",NO,NO
NY Flag T-Shirt,Hidden.NY,,streetwear,ropa,NO,,370000,L,nuevo,Comisión incluida en el precio.,,NO,NO
NY Souvenir T-Shirt,Hidden.NY,,streetwear,ropa,NO,,370000,L,nuevo,Comisión incluida en el precio.,,NO,NO
NY Souvenir T-Shirt Black,Hidden.NY,,streetwear,ropa,NO,,370000,M,nuevo,Comisión incluida en el precio.,,NO,NO
NY Souvenir T-Shirt White,Hidden.NY,,streetwear,ropa,NO,,370000,M,nuevo,Comisión incluida en el precio.,,NO,NO
Ferxxo Tee,Hidden.NY,,streetwear,ropa,NO,,320000,XXL,nuevo,Comisión incluida en el precio.,/products/HIDDEN-NY-FERXXO-TEE.973f28b2.webp,NO,NO
Stay Awake T-Shirt,Anti Social Social Club,,streetwear,ropa,NO,,300000,XL,nuevo,Comisión incluida en el precio.,/products/ANTI-SOCIAL-SOCIAL-CLUB-STAY-AWAKE-T-SHIRT.34dfd18b.webp,NO,NO
Fat Fit Pant,Supreme,,streetwear,ropa,NO,,800000,32,nuevo,Comisión incluida en el precio.,"/products/SUPREME-FAT-FIT-PANT.9450ef62.webp,/products/SUPREME-FAT-FIT-PANT-2.05fa9a15.webp,/products/SUPREME-FAT-FIT-PANT-3.10211532.webp",NO,NO
T-Shirt Mint,Essentials,,streetwear,ropa,NO,,300000,M,nuevo,Comisión incluida en el precio.,/products/ESSENTIALS-T-SHIRT-MINT.d34348c5.webp,NO,NO
Crewneck Canary Yellow,Essentials,,streetwear,ropa,NO,,370000,"XS,S,M",nuevo,Tallaje de mujer. Comisión incluida en el precio.,/products/ESSENTIALS-CREWNECK-CANARY-YELLOW.daa4dcf3.webp,NO,NO
Washed Chino Cap,Supreme,,streetwear,accesorio,NO,,370000,Regulable,nuevo,Comisión incluida en el precio.,/products/SUPREME-WASHED-CHINO-CAP.c2306e67.webp,NO,NO
Washed Chino Cap,Supreme,,streetwear,accesorio,NO,,370000,Regulable,nuevo,Comisión incluida en el precio.,/products/SUPREME-WASHED-CHINO-CAP.c2306e67.webp,NO,NO
Zip Canary Yellow Jacket,Essentials,,streetwear,ropa,NO,,300000,XL,nuevo,Comisión incluida en el precio.,/products/ESSENTIALS-ZIP-CANARY-YELLOW-JACKET.3e9a051f.webp,NO,NO
Brasil T-Shirt,Corteiz,,streetwear,ropa,NO,,350000,L,nuevo,Comisión incluida en el precio.,/products/CORTEIZ-BRASIL-T-SHIRT.df18f33d.webp,NO,NO
It's Too Cassette,Supreme,,streetwear,accesorio,NO,,600000,,nuevo,Nuevo sellado. Rareza muy alta (🔥🔥🔥). Comisión incluida en el precio.,/products/SUPREME-ITS-TOO-CASSETTE.ed417c02.webp,NO,NO
Beanie Oval Patch,Supreme,,streetwear,accesorio,NO,,300000,,nuevo,Comisión incluida en el precio.,/products/SUPREME-BEANIE-OVAL-PATCH.6544581b.webp,NO,NO
Beanie Sticky Note,Supreme,,streetwear,accesorio,NO,,300000,,nuevo,Comisión incluida en el precio.,/products/SUPREME-BEANIE-STICKY-NOTE.735e7ed0.webp,NO,NO
9FORTY Oakland Athletics,New Era,,streetwear,accesorio,NO,,250000,Regulable,nuevo,Comisión incluida en el precio.,,NO,NO
9FORTY San Diego,New Era,,streetwear,accesorio,NO,,250000,Regulable,nuevo,Comisión incluida en el precio.,,NO,NO
9FORTY San Francisco Giants,New Era,,streetwear,accesorio,NO,,250000,Regulable,nuevo,Comisión incluida en el precio.,,NO,NO
SB Dunk Born x Raised,Nike,SB-DUNK-05,sneakers,,NO,,2600000,8,nuevo,Nuevo con caja. Comisión incluida en el precio.,/products/SB-DUNK-05.f273b778.webp,NO,115
Big Into Energy,Labubu,,streetwear,accesorio,NO,,130000,,nuevo,Nuevo sellado. Rareza alta (🔥). Comisión incluida en el precio.,/products/LABUBU-BIG-INTO-ENERGY.cc74f620.webp,NO,NO
Duffle Bag,Supreme,,streetwear,accesorio,NO,,620000,,nuevo,Nuevo con caja. Rareza muy alta (🔥🔥🔥). Comisión incluida en el precio.,/products/SUPREME-DUFFLE-BAG.91281969.webp,NO,NO
Shoulder Bag,Supreme,,streetwear,accesorio,NO,,550000,,nuevo,Nuevo con bolsa. Rareza alta (🔥🔥). Comisión incluida en el precio.,/products/SUPREME-SHOULDER-BAG.57cca0f1.webp,NO,NO
Backpack,Supreme,,streetwear,accesorio,NO,,700000,,nuevo,Nuevo con caja. Rareza muy alta (🔥🔥🔥). Comisión incluida en el precio.,/products/SUPREME-BACKPACK.ec8301b2.webp,NO,NO
Jordan 4 Brick by Brick,Jordan,AJ4-09,sneakers,,NO,,3400000,"8.5,11",nuevo,Nuevo con caja. Comisión incluida en el precio.,/products/AJ4-09.908b98c2.webp,NO,122
Jordan 4 Undefeated,Jordan,AJ4-10,sneakers,,NO,,1412000,11,nuevo,Nuevo con caja. Comisión incluida en el precio.,/products/AJ4-10.819e292c.webp,NO,112
Jordan 4 SB Pine Green,Jordan,AJ4-11,sneakers,,NO,,2500000,11,nuevo,Nuevo con caja. Comisión incluida en el precio.,/products/AJ4-11.f990d23c.webp,NO,115
Jordan 4 SB Navy,Jordan,AJ4-12,sneakers,,NO,,1215000,11,nuevo,Nuevo con caja. Comisión incluida en el precio.,/products/AJ4-12.30726d48.webp,NO,109
Dunk SB Parra,Nike,SB-DUNK-06,sneakers,,NO,,1900000,10,nuevo,Nuevo con caja. Comisión incluida en el precio.,/products/SB-DUNK-06.47fe2f3b.webp,NO,108
Cap 7 1/4 Special Edition,Kith,,streetwear,accesorio,NO,,420000,7 1/4,nuevo,Comisión incluida en el precio.,/products/KITH-CAP-7-1-4-SPECIAL-EDITION.e42667e7.webp,NO,NO
Paris GT-2160,Asics,ASICS-07,sneakers,,NO,,600000,"8,8.5,9",nuevo,Nuevo con caja. Comisión incluida en el precio.,/products/ASICS-07.f3f03ca5.webp,NO,113
Jordan 3 Seúl 2.0,Jordan,AJ3-03,sneakers,,NO,,1400000,"8,8.5,9.5",nuevo,Nuevo con caja. Comisión incluida en el precio.,/products/AJ3-03.be3dde8b.webp,NO,119
Yeezy Foam Runner MX Cinder,Adidas,YZY-FOAM-02,sneakers,,NO,,350000,8,usado,Usado con caja. Comisión incluida en el precio.,/products/YZY-FOAM-02.ee5ec39d.webp,NO,123
Jordan 5 GORE-TEX,Jordan,AJ5-02,sneakers,,NO,,1000000,8.5,usado,Usado con caja. Talla de mujer. Comisión incluida en el precio.,/products/AJ5-02.46efe8a0.webp,NO,127
Salomon XT-6 Pathway White,Salomon,SLMN-03,sneakers,,NO,,950000,8.5,nuevo,Nuevo con caja. Comisión incluida en el precio.,/products/SLMN-03.cfbcb24d.webp,NO,121
Bear x North Face,Supreme,SUPREME-BEARNORTHFACE-01,streetwear,accesorio,NO,,620000,,nuevo,Nuevo. Rareza muy alta (🔥🔥🔥). Comisión incluida en el precio.,/products/SUPREME-BEARNORTHFACE-01.78fdc3b7.webp,NO,NO
Vulcanized 2018,Off-White,OFFWHITE-01,sneakers,,NO,,1450000,8.5,usado,Usado con caja. Comisión incluida en el precio.,/products/OFFWHITE-01.c3101689.webp,NO,117
Nerf Super Soaker,Supreme,SUPREME-SUPERSOAKER-01,streetwear,accesorio,NO,,380000,,nuevo,Nuevo con caja. Rareza alta (🔥🔥). Comisión incluida en el precio.,/products/SUPREME-SUPERSOAKER-01.8908a8a6.webp,NO,NO
Rawlings Mask,Supreme,SUPREME-RAWLINGSMASK-01,streetwear,accesorio,NO,,550000,,nuevo,Nuevo con caja. Rareza alta (🔥🔥). Comisión incluida en el precio.,/products/SUPREME-RAWLINGSMASK-01.e9b65415.webp,NO,NO
Jordan 1 Rookie of the Year,Jordan,AJ1-03,sneakers,,NO,,600000,9,usado,Usado con caja. Comisión incluida en el precio.,/products/AJ1-03.e0bea301.webp,NO,118
Nunobiki White Blue,Asics,ASICS-08,sneakers,,NO,,340000,9.5,nuevo,Nuevo con caja. Comisión incluida en el precio.,/products/ASICS-08.1345aaa8.webp,NO,113
New Balance 1906R Green,New Balance,NB-05,sneakers,,NO,,450000,6.5,nuevo,Nuevo con caja. Talla de mujer. Comisión incluida en el precio.,/products/NB-05.58665f35.webp,NO,136
Kinetic Gel,Asics,ASICS-09,sneakers,,NO,,550000,8,nuevo,Nuevo con caja. Talla de mujer. Comisión incluida en el precio.,/products/ASICS-09.d81fcbf3.webp,NO,119
New Balance 1000,New Balance,NB-06,sneakers,,NO,,550000,"8,8.5",nuevo,Nuevo con caja. Comisión incluida en el precio.,/products/NB-06.295f2b4b.webp,NO,117
Jordan 3 Rio,Jordan,AJ3-04,sneakers,,NO,,800000,7.5,usado,Usado con caja. Comisión incluida en el precio.,/products/AJ3-04.541f8442.webp,NO,105
Feid x Ferxxocalipsis,Salomon,SLMN-04,sneakers,,NO,,1400000,7,nuevo,Nuevo con caja. Comisión incluida en el precio.,/products/SLMN-04.f28091f3.webp,NO,115
Air Force 1 Mid Green,Nike,AF1-02,sneakers,,NO,,1200000,9.5,nuevo,Nuevo con caja. Comisión incluida en el precio.,/products/AF1-02.bf58b75b.webp,NO,113
Jordan 4 UNC,Jordan,AJ4-13,sneakers,,NO,,2200000,10,nuevo,Nuevo con caja. Comisión incluida en el precio.,/products/AJ4-13.6fb3bbca.webp,NO,105
Jordan Spizike,Jordan,AJ-SPZ-01,sneakers,,NO,,550000,10,nuevo,Nuevo con caja. Comisión incluida en el precio.,/products/AJ-SPZ-01.dcfd3436.webp,NO,109
Asics x Kith Marvel,Asics x Kith,ASICS-10,sneakers,,NO,,720000,8.5,nuevo,Nuevo con caja. Comisión incluida en el precio.,/products/ASICS-10.1def3f0a.webp,NO,NO
GT-2160 Black,Asics,ASICS-11,sneakers,,NO,,640000,8.5,nuevo,Nuevo con caja. Comisión incluida en el precio.,/products/ASICS-11.b9a58763.webp,NO,107
Gel-DS Trainer x Hidden,Asics x Hidden.NY,ASICS-12,sneakers,,NO,,900000,8.5,nuevo,Nuevo con caja. Comisión incluida en el precio.,/products/ASICS-12.65cbcc66.webp,NO,129
Salomon XT-4 Ferxxocalipsis,Salomon,SLMN-05,sneakers,,NO,,1400000,8,nuevo,Nuevo con caja. Comisión incluida en el precio.,/products/SLMN-05.f0de9bf2.webp,NO,121
New Balance Action Bronson,New Balance,NB-07,sneakers,,NO,,990000,9.5,nuevo,Nuevo con caja. Comisión incluida en el precio.,/products/NB-07.b6987238.webp,NO,123
New Balance Tiger Eye,New Balance,NB-08,sneakers,,NO,,830000,9,nuevo,Nuevo con caja. Comisión incluida en el precio.,/products/NB-08.00326e60.webp,NO,116
New Balance x Kith Daytona,New Balance,NB-09,sneakers,,NO,,1200000,9.5,nuevo,Nuevo con caja. Comisión incluida en el precio.,/products/NB-09.440ff0e3.webp,NO,124
New Balance Joe Freshgoods,New Balance x Joe Freshgoods,NB-10,sneakers,,NO,,1100000,9.5,nuevo,Nuevo con caja. Comisión incluida en el precio.,/products/NB-10.407d1f8d.webp,NO,141
Jordan 1 Voodoo,Jordan,AJ1-04,sneakers,,NO,,2350000,"9.5,9",nuevo,Nuevo con caja. Comisión incluida en el precio.,/products/AJ1-04.be858a77.webp,NO,113
Dunk Halloween 2021,Nike,DUNK-02,sneakers,,NO,,1250000,7,nuevo,Nuevo con caja. Comisión incluida en el precio.,/products/DUNK-02.0bb2feda.webp,NO,110
Dunk SB Setsubun,Nike,SB-DUNK-07,sneakers,,NO,,800000,"7,7.5,8",nuevo,Nuevo con caja. Comisión incluida en el precio.,/products/SB-DUNK-07.33a82e3b.webp,NO,117
AF1 Oregón,Nike,AF1-03,sneakers,,NO,,900000,10,nuevo,Nuevo con caja. Comisión incluida en el precio.,/products/AF1-03.36b7b911.webp,NO,100
Dunk Off-White Lot 12,Nike,DUNK-03,sneakers,,NO,,1350000,10,usado,Usado con caja. Comisión incluida en el precio.,/products/DUNK-03.b7b3dbef.webp,NO,113
Dunk SB 75 Aniversario NBA,Nike,SB-DUNK-08,sneakers,,NO,,700000,7,nuevo,Nuevo con caja. Comisión incluida en el precio.,/products/SB-DUNK-08.aae1361a.webp,NO,119
Dunk SB Gulf,Nike,SB-DUNK-09,sneakers,,NO,,900000,8.5,nuevo,Nuevo con caja. Comisión incluida en el precio.,/products/SB-DUNK-09.1836a92c.webp,NO,107
Air Max 90 Día de Muertos,Nike,AM90-01,sneakers,,NO,,3500000,"10,9.5",nuevo,Nuevo con caja. Comisión incluida en el precio.,/products/AM90-01.3adf081b.webp,NO,123
Dunk SB Trocadero,Nike,SB-DUNK-10,sneakers,,NO,,1050000,9,nuevo,Nuevo con caja. Comisión incluida en el precio.,/products/SB-DUNK-10.903386f9.webp,NO,111
Dunk Low Pro,Nike,DUNK-04,sneakers,,NO,,650000,8.5,nuevo,Nuevo con caja. Comisión incluida en el precio.,/products/DUNK-04.30d931fe.webp,NO,104
Mind 002 Grey,Nike,MIND002-01,sneakers,,NO,,850000,"11,9,9.5",nuevo,Nuevo con caja. Comisión incluida en el precio.,/products/MIND002-01.dd4378c8.webp,NO,115
Mind 002 Black,Nike,MIND002-02,sneakers,,NO,,900000,11,nuevo,Nuevo con caja. Comisión incluida en el precio.,/products/MIND002-02.bc208a40.webp,NO,108
Mind 001 Light Smoke,Nike,MIND001-01,sneakers,,NO,,1050000,9,nuevo,Nuevo con caja. Comisión incluida en el precio.,/products/MIND001-01.ae46cfe9.webp,NO,114
Mind 001 Black,Nike,MIND001-02,sneakers,,NO,,950000,7,nuevo,Nuevo con caja. Comisión incluida en el precio.,/products/MIND001-02.96a751cb.webp,NO,107
Dunk SB Ocean,Nike,SB-DUNK-11,sneakers,,NO,,1600000,9,nuevo,Nuevo con caja. Comisión incluida en el precio.,/products/SB-DUNK-11.417a5587.webp,NO,107
AF1 Nocta White Cobalt,Nike,AF1-04,sneakers,,NO,,950000,8,nuevo,Nuevo con caja. Comisión incluida en el precio.,/products/AF1-04.9e4f3b67.webp,NO,111
Sabrina 3 x Blueprint,Nike,SABRINA3-01,sneakers,,NO,,550000,"11,9.5",nuevo,Nuevo con caja. Comisión incluida en el precio.,/products/SABRINA3-01.9b665904.webp,NO,122
Dunk SB Bubbles,Nike,SB-DUNK-13,sneakers,,NO,,1300000,9,nuevo,Nuevo con caja. Comisión incluida en el precio.,/products/SB-DUNK-13.5b6ec511.webp,NO,109
Bad Bunny Last Forum,Adidas x Bad Bunny,ADI-BB-07,sneakers,,NO,,1200000,7.5,nuevo,Nuevo con caja. Comisión incluida en el precio.,/products/ADI-BB-07.0cd01613.webp,NO,129
Bad Bunny Easter Egg,Adidas x Bad Bunny,ADI-BB-08,sneakers,,NO,,2600000,9.5,nuevo,Nuevo con caja. Comisión incluida en el precio.,/products/ADI-BB-08.3f07e783.webp,NO,129
Yu-Gi-Oh Adidas con carta,Adidas,YUGIOH-01,sneakers,,NO,,1050000,"11,9",nuevo,Nuevo con caja. Comisión incluida en el precio.,/products/YUGIOH-01.1fa81aa3.webp,NO,125
Nike Gato x Supreme,Nike,GATO-01,sneakers,,NO,,850000,11,nuevo,Nuevo con caja. Comisión incluida en el precio.,/products/GATO-01.01dd2af4.webp,NO,110
DN8,Nike,DN8-01,sneakers,,NO,,750000,10.5,nuevo,Nuevo con caja. Comisión incluida en el precio.,/products/DN8-01.a1f1ae29.webp,NO,95
VK2,Nike,VK2-01,sneakers,,NO,,650000,6W,nuevo,Nuevo con caja. Comisión incluida en el precio.,/products/VK2-01.3aef74e6.webp,NO,93
AF1 Black,Nike,AF1-05,sneakers,,NO,,650000,10,nuevo,Nuevo con caja. Comisión incluida en el precio.,/products/AF1-05.255d472c.webp,NO,99
AF1 White,Nike,AF1-06,sneakers,,NO,,540000,"10,9",nuevo,Nuevo con caja. Comisión incluida en el precio.,/products/AF1-06.eb87909e.webp,NO,103
Bad Bunny Campus,Adidas x Bad Bunny,ADI-BB-11,sneakers,,NO,,800000,"9.5,10",nuevo,Nuevo con caja. Comisión incluida en el precio.,/products/ADI-BB-11.d8052014.webp,NO,125
Air Max Bubble,Nike,AMBUBBLE-01,sneakers,,NO,,950000,8,nuevo,Nuevo con caja. Comisión incluida en el precio.,/products/AMBUBBLE-01.12431776.webp,NO,108
Vapormax,Nike,VAPORMAX-01,sneakers,,NO,,450000,9.5,nuevo,Nuevo con caja. Comisión incluida en el precio.,/products/VAPORMAX-01.86d7878c.webp,NO,104
Dunk Pink Foam,Nike,DUNK-05,sneakers,,NO,,1200000,7Y,nuevo,Nuevo con caja. Comisión incluida en el precio.,/products/DUNK-05.fd0c8f6b.webp,NO,106
Dunk SB Civilist,Nike,SB-DUNK-15,sneakers,,NO,,2100000,9,nuevo,Nuevo con caja. Cambia de color con el sol. Con extra laces. Comisión incluida en el precio.,/products/SB-DUNK-15.4fee49ea.webp,NO,155
Dunk SB Iso Orange Label Grey,Nike,SB-DUNK-16,sneakers,,NO,,1250000,"13,10.5",nuevo,Nuevo con caja. Comisión incluida en el precio.,/products/SB-DUNK-16.48cc9eca.webp,NO,131
Dunk SB Philadelphia Phillies,Nike,SB-DUNK-18,sneakers,,NO,,1730000,9.5,nuevo,Nuevo con caja. Comisión incluida en el precio.,/products/SB-DUNK-18.06ed0d2b.webp,NO,125
Air Force 1 G-Dragon W,Nike,AF1-07,sneakers,,NO,,2550000,9.5,nuevo,Nuevo con caja. Comisión incluida en el precio.,/products/AF1-07.f46af47f.webp,NO,114
Dunk SB HUF NYC,Nike,SB-DUNK-19,sneakers,,NO,,1250000,8,nuevo,Nuevo con caja. Comisión incluida en el precio.,/products/SB-DUNK-19.da793bed.webp,NO,109
Kobe REV Grinch,Nike,KOBE-02,sneakers,,NO,,2250000,10,nuevo,Nuevo con caja. Comisión incluida en el precio.,/products/KOBE-02.422ce064.webp,NO,107
Kobe Grinch,Nike,KOBE-03,sneakers,,NO,,4000000,8,nuevo,Nuevo con caja. Comisión incluida en el precio.,/products/KOBE-03.9131588a.webp,NO,102
Dunk SB Verdy Visty,Nike,SB-DUNK-20,sneakers,,NO,,1950000,9.5,nuevo,Nuevo con caja. Comisión incluida en el precio.,/products/SB-DUNK-20.b8f81a1e.webp,NO,115
Dunk SB Bellota,Nike,SB-DUNK-21,sneakers,,NO,,1600000,7,nuevo,Nuevo con caja. Comisión incluida en el precio.,/products/SB-DUNK-21.3f247279.webp,NO,109
Dunk SB Street Hawker,Nike,SB-DUNK-22,sneakers,,NO,,2250000,7.5,nuevo,Nuevo con caja. Comisión incluida en el precio.,/products/SB-DUNK-22.27386dfd.webp,NO,117
Mind 001 Barely Green,Nike,MIND001-05,sneakers,,NO,,600000,8W,nuevo,Nuevo con caja. Talla de mujer (equivale a 6.5 US hombre). Comisión incluida en el precio.,/products/MIND001-05.f6364bec.webp,NO,158
Mind 001 Sail,Nike,MIND001-06,sneakers,,NO,,700000,10W,nuevo,Nuevo con caja. Talla de mujer (equivale a 8.5 US hombre). Comisión incluida en el precio.,/products/MIND001-06.40cf7ad8.webp,NO,151
Mind 001,Nike,MIND001-07,sneakers,,NO,,550000,"11,7W",nuevo,Nuevo con caja. Con extra laces. Comisión incluida en el precio.,/products/MIND001-07.72ccbf62.webp,NO,124
Mind 001 team red university,Nike,MIND001-09,sneakers,,NO,,850000,11,nuevo,Nuevo con caja. Comisión incluida en el precio.,/products/MIND001-09.56316677.webp,NO,122
Dunk SB Ebay,Nike,SB-DUNK-23,sneakers,,NO,,900000,11.5,nuevo,Nuevo con caja. Comisión incluida en el precio.,/products/SB-DUNK-23.fc5a5514.webp,NO,108
Travis Zoom Field Jaxx,Nike,FIELDJAXX-01,sneakers,,NO,,850000,9,nuevo,Nuevo con caja. Comisión incluida en el precio.,/products/FIELDJAXX-01.ed9338dd.webp,NO,117
P6000 Metallic Silver,New Balance,P6000-01,sneakers,,NO,,550000,8.5,nuevo,Nuevo con caja. Comisión incluida en el precio.,/products/P6000-01.30e8db4c.webp,NO,121
Air Force One x Supreme,Nike,AF1-10,sneakers,,NO,,770000,"7,7.5,8,8.5,9,9.5,10,10.5,11",nuevo,Nuevo con caja. Con extra laces. Comisión incluida en el precio.,/products/AF1-10.0a573844.webp,NO,158
Dunk SB HUF San Francisco,Nike,SB-DUNK-27,sneakers,,NO,,730000,8,nuevo,Nuevo con caja. Comisión incluida en el precio.,/products/SB-DUNK-27.27bb25d4.webp,NO,118
Fontanka AF1,Nike,AF1-11,sneakers,,NO,,400000,6.5W,nuevo,Nuevo con caja. Talla de mujer. Comisión incluida en el precio.,/products/AF1-11.a5e499df.webp,NO,120
Vomero Platinum,Nike,VOMERO-01,sneakers,,NO,,600000,8.5,nuevo,Nuevo con caja. Comisión incluida en el precio.,/products/VOMERO-01.cf9e01c6.webp,NO,109
Dunk SB Oregon Special Edition,Nike,SB-DUNK-29,sneakers,,NO,,2200000,10.5,nuevo,Nuevo con caja. Viene con libro de Oregón. Comisión incluida en el precio.,/products/SB-DUNK-29.200cfb35.webp,NO,154
Dunk SB Yuto Horigome OG,Nike,SB-DUNK-31,sneakers,,NO,,1590000,"11,9",nuevo,Nuevo con caja. Comisión incluida en el precio.,/products/SB-DUNK-31.fb84cca1.webp,NO,123
Dunk SB Lobster Special Box,Nike,SB-DUNK-32,sneakers,,NO,,2200000,9,nuevo,"Nuevo con caja. Con accesorios completos, trae menú de lanzamiento. Comisión incluida en el precio.",/products/SB-DUNK-32.f6717ea7.webp,NO,175
Dunk SB Yuto H Sparragus,Nike,SB-DUNK-33,sneakers,,NO,,1000000,10.5,nuevo,Nuevo con caja. Comisión incluida en el precio.,/products/SB-DUNK-33.9a333da6.webp,NO,121
Nocta AF1 Citron,Nike,AF1-12,sneakers,,NO,,650000,11,nuevo,Nuevo con caja. Comisión incluida en el precio.,/products/AF1-12.884579f2.webp,NO,NO
Dunk Photon Dust,Nike,DUNK-06,sneakers,,NO,,600000,"5W,6W,7W,8W,9W,10W",nuevo,"Nuevo con caja. Tallas de mujer (9W equivale a 7.5 US hombre, 10W a 8.5 US hombre). Comisión incluida en el precio.",/products/DUNK-06.401c161d.webp,NO,195
Blazer x Sacai,Nike,BLAZER-01,sneakers,,NO,,500000,10.5,nuevo,Nuevo con caja. Comisión incluida en el precio.,/products/BLAZER-01.04875bb1.webp,NO,NO
Travis Scott Air Max 1,Nike,AM1-02,sneakers,,NO,,1550000,8.5,nuevo,Nuevo con caja. Comisión incluida en el precio.,/products/AM1-02.2fc5d044.webp,NO,NO
Dunk SB Grateful Dead,Nike,SB-DUNK-34,sneakers,,NO,,2900000,9,nuevo,Nuevo con caja. Con accesorios. Comisión incluida en el precio.,/products/SB-DUNK-34.bf637229.webp,NO,131
Dunk SB Ben and Jerry's,Nike,SB-DUNK-35,sneakers,,NO,,3000000,8.5,usado,Usado con caja. Con todos los accesorios. Comisión incluida en el precio.,/products/SB-DUNK-35.80376dcc.webp,NO,145
Unheardof,Adidas,UNHEARDOF-01,sneakers,,NO,,1000000,"7.5,8",nuevo,Nuevo con caja. Comisión incluida en el precio.,/products/UNHEARDOF-01.53d57ffc.webp,NO,NO
Bad Bunny Badbo,Adidas x Bad Bunny,ADI-BB-12,sneakers,,NO,,700000,"4.5,5,5.5,6,7,8,8.5,9,9.5,10,11",nuevo,Nuevo con caja. Comisión incluida en el precio.,/products/ADI-BB-12.60114c5a.webp,NO,NO
Dunk SB x Supreme,Nike,SB-DUNK-36,sneakers,,NO,,1100000,8,nuevo,Nuevo con caja. Comisión incluida en el precio.,/products/SB-DUNK-36.7eec4e34.webp,NO,111
Yeezy Slide Azure,Adidas,YZY-SLIDE-02,sneakers,,NO,,500000,"5,7",nuevo,Nuevo con caja. Comisión incluida en el precio.,/products/YZY-SLIDE-02.3a99ff60.webp,NO,118
Yeezy Slide Slate Grey,Adidas,YZY-SLIDE-03,sneakers,,NO,,600000,7,nuevo,Nuevo con caja. Comisión incluida en el precio.,/products/YZY-SLIDE-03.d2079595.webp,NO,NO
Yeezy Slide Bone,Adidas,YZY-SLIDE-04,sneakers,,NO,,600000,11,nuevo,Nuevo con caja. Comisión incluida en el precio.,/products/YZY-SLIDE-04.72a7d52c.webp,NO,NO
Yeezy Slide Onyx,Adidas,YZY-SLIDE-05,sneakers,,NO,,600000,"4,5,6,7,8,10",nuevo,Nuevo con caja. Comisión incluida en el precio.,/products/YZY-SLIDE-05.264bec77.webp,NO,NO
Yeezy Slide Glow Green,Adidas,YZY-SLIDE-06,sneakers,,NO,,650000,9,nuevo,Nuevo con caja. Comisión incluida en el precio.,/products/YZY-SLIDE-06.abe76343.webp,NO,NO
Yeezy Slide Ochre,Adidas,YZY-SLIDE-07,sneakers,,NO,,350000,9,nuevo,Nuevo con caja. Comisión incluida en el precio.,/products/YZY-SLIDE-07.f3482e42.webp,NO,NO
Yeezy Quantum Sea Teal,Adidas,YZYQUANTUM-01,sneakers,,NO,,250000,9.5,usado,Usado sin caja. Comisión incluida en el precio.,/products/YZYQUANTUM-01.1cf1df16.webp,NO,NO
YZY 01 Cream,Adidas,YZY01-01,sneakers,,NO,,280000,8,nuevo,Nuevo con caja. Con bolsa. Comisión incluida en el precio.,/products/YZY01-01.579903f9.webp,NO,NO
700 Analog V1,Adidas,YZY700-01,sneakers,,NO,,1500000,9,nuevo,Nuevo con caja. Comisión incluida en el precio.,/products/YZY700-01.81743b71.webp,NO,NO
Yeezy 350 Bone,Adidas,YZY350-01,sneakers,,NO,,1000000,9,nuevo,Nuevo con caja. Comisión incluida en el precio.,/products/YZY350-01.678b91c7.webp,NO,NO
Dark Magician,Adidas,DARKMAGICIAN-01,sneakers,,NO,,680000,9,nuevo,Nuevo con caja. Comisión incluida en el precio.,/products/DARKMAGICIAN-01.7e277a22.webp,NO,NO
Forum x Bape,Adidas x Bape,FORUMBAPE-01,sneakers,,NO,,600000,"10,11",nuevo,Nuevo con caja. Comisión incluida en el precio.,/products/FORUMBAPE-01.968a8554.webp,NO,NO
Yeezy Foam RNR MX Carbon,Adidas,YZY-FOAM-03,sneakers,,NO,,600000,12,nuevo,Nuevo con caja. Comisión incluida en el precio.,/products/YZY-FOAM-03.71250166.webp,NO,NO
Jellyfish Blue,Adidas x Bad Bunny,ADI-BB-15,sneakers,,NO,,2850000,10,nuevo,Nuevo con caja. Comisión incluida en el precio.,/products/ADI-BB-15.04d39fe0.webp,NO,NO
YS-01 Black,Adidas,YS01-01,sneakers,,NO,,350000,8,nuevo,Nuevo con caja. Con bolsa. Comisión incluida en el precio.,/products/YS01-01.63316c04.webp,NO,NO
Bad Bunny Cabo Rojo,Adidas x Bad Bunny,ADI-BB-17,sneakers,,NO,,800000,"9,9.5,10,10.5",nuevo,Nuevo con caja. Comisión incluida en el precio.,/products/ADI-BB-17.9ee72b5e.webp,NO,NO
Gazelle Benito,Adidas x Bad Bunny,GAZELLE-01,sneakers,,NO,,700000,6.5W,nuevo,Nuevo con caja. Talla de mujer. Comisión incluida en el precio.,/products/GAZELLE-01.a0211675.webp,NO,NO
Ultimashow 2.0 Mercedes,Adidas,ULTIMASHOW-01,sneakers,,NO,,450000,10,nuevo,Nuevo sin caja. Comisión incluida en el precio.,/products/ULTIMASHOW-01.d5dda446.webp,NO,NO
Jellyfish Black,Adidas x Bad Bunny,ADI-BB-20,sneakers,,NO,,1350000,"5,6",nuevo,Nuevo con caja. Comisión incluida en el precio.,/products/ADI-BB-20.39819b7a.webp,NO,NO
Bad Bunny Leo Messi,Adidas x Bad Bunny,ADI-BB-21,sneakers,,NO,,950000,9,nuevo,Nuevo con caja. Comisión incluida en el precio.,/products/ADI-BB-21.089264e9.webp,NO,NO
Bad Bunny SL 72,Adidas x Bad Bunny,ADI-SL72-02,sneakers,,NO,,800000,8.5,nuevo,Nuevo con caja. Comisión incluida en el precio.,/products/ADI-SL72-02.1aa35ad5.webp,NO,NO
Bad Bunny San Juan,Adidas x Bad Bunny,ADI-BB-24,sneakers,,NO,,1500000,10,nuevo,Nuevo con caja. Comisión incluida en el precio.,/products/ADI-BB-24.f17a8d30.webp,NO,NO
Hellstar,Adidas,HELLSTAR-01,sneakers,,NO,,1200000,10.5,usado,Usado con caja. Comisión incluida en el precio.,/products/HELLSTAR-01.1d6013af.webp,NO,NO
Yeezy Foam RNR Carbon,Adidas,YZY-FOAM-04,sneakers,,NO,,500000,"7,8,11,13",nuevo,Nuevo con caja. Comisión incluida en el precio.,/products/YZY-FOAM-04.97ed5727.webp,NO,NO
Yeezy 350 Pirate Black,Adidas,YZY350-02,sneakers,,NO,,1050000,8.5,nuevo,Nuevo con caja. Comisión incluida en el precio.,/products/YZY350-02.d783271b.webp,NO,NO
Yeezy Foam RNR Stone Age,Adidas,YZY-FOAM-05,sneakers,,NO,,500000,12,nuevo,Nuevo con caja. Comisión incluida en el precio.,/products/YZY-FOAM-05.2c5a5273.webp,NO,NO
Yeezy Slide Azure,Adidas,YZY-SLIDE-08,sneakers,,NO,,450000,"5,6",nuevo,Nuevo con caja. Comisión incluida en el precio.,/products/YZY-SLIDE-08.3a99ff60.webp,NO,118
Yeezy Slide Azure,Adidas,YZY-SLIDE-09,sneakers,,NO,,350000,6,nuevo,Nuevo con caja. Comisión incluida en el precio.,/products/YZY-SLIDE-09.3a99ff60.webp,NO,114
Yeezy Foam RNR Carbon,Adidas,YZY-FOAM-06,sneakers,,NO,,450000,12,nuevo,Nuevo con caja. Comisión incluida en el precio.,/products/YZY-FOAM-06.97ed5727.webp,NO,NO
Yeezy 350 MX Rock,Adidas,YZY350-03,sneakers,,NO,,400000,11,usado,Usado sin caja. Comisión incluida en el precio.,/products/YZY350-03.ec64789f.webp,NO,NO
Yeezy 700 Enflame Amber,Adidas,YZY700-02,sneakers,,NO,,600000,"4.5,5,5.5,10",nuevo,Nuevo con caja. Comisión incluida en el precio.,/products/YZY700-02.d6aad634.webp,NO,NO
Adifoam Ink Aluminum,Adidas,ADIFOAM-01,sneakers,,NO,,300000,10,nuevo,Nuevo con caja. Comisión incluida en el precio.,/products/ADIFOAM-01.b154f711.webp,NO,NO
80 Crop 420,Adidas,CROP420-01,sneakers,,NO,,350000,9.5,nuevo,Nuevo con caja. Comisión incluida en el precio.,/products/CROP420-01.56673bba.webp,NO,NO
Yeezy 450 Utility Black,Adidas,YZY450-01,sneakers,,NO,,400000,10,nuevo,Nuevo con caja. Comisión incluida en el precio.,/products/YZY450-01.87a8ca04.webp,NO,NO
Bad Bunny SL72,Adidas x Bad Bunny,ADI-SL72-03,sneakers,,NO,,600000,9,nuevo,Nuevo con caja. Comisión incluida en el precio.,/products/ADI-SL72-03.1aa35ad5.webp,NO,NO
Stan Smith x Bape,Adidas x Bape,STANSMITH-01,sneakers,,NO,,550000,7.5,nuevo,Nuevo con caja. Comisión incluida en el precio.,/products/STANSMITH-01.a96f96dd.webp,NO,NO
Bad Bunny Last,Adidas x Bad Bunny,ADI-BB-26,sneakers,,NO,,1000000,7,nuevo,Nuevo con caja. Comisión incluida en el precio.,/products/ADI-BB-26.4820e021.webp,NO,NO
Jellyfish Black,Adidas x Bad Bunny,ADI-BB-27,sneakers,,NO,,1700000,7.5,nuevo,Nuevo con caja. Comisión incluida en el precio.,/products/ADI-BB-27.39819b7a.webp,NO,NO
Clot x Bape,Adidas x Bape,CLOTBAPE-01,sneakers,,NO,,1220000,11,nuevo,Nuevo con caja. Comisión incluida en el precio.,/products/CLOTBAPE-01.4de834af.webp,NO,NO
SL 72 Leopard,Adidas,SL72-01,sneakers,,NO,,330000,7.5W,nuevo,Nuevo con caja. Talla de mujer. Comisión incluida en el precio.,/products/SL72-01.c8cdd624.webp,NO,NO
Campus 00's Stitchy,Adidas,CAMPUS-01,sneakers,,NO,,420000,"8.5,9",nuevo,Nuevo con caja. Comisión incluida en el precio.,/products/CAMPUS-01.b56a16b3.webp,NO,NO
Gazelle Y-3 Olive,Adidas,GAZELLE-02,sneakers,,NO,,830000,9,nuevo,Nuevo con caja. Comisión incluida en el precio.,/products/GAZELLE-02.30ed339a.webp,NO,NO
NMD HU Running Dog,Adidas,NMDHU-01,sneakers,,NO,,650000,10,nuevo,Nuevo con caja. Comisión incluida en el precio.,/products/NMDHU-01.0fdb886c.webp,NO,NO
Adifoam Q Orange,Adidas,ADIFOAM-02,sneakers,,NO,,280000,9,nuevo,Nuevo con caja. Comisión incluida en el precio.,/products/ADIFOAM-02.aad98637.webp,NO,NO
x Bape 80's,Adidas x Bape,XBAPE80-01,sneakers,,NO,,480000,10.5,nuevo,Nuevo con caja. Comisión incluida en el precio.,/products/XBAPE80-01.8ec717cb.webp,NO,NO
Gazelle x Ronnie Fieg,Adidas x Kith,GAZELLE-03,sneakers,,NO,,950000,9,nuevo,Nuevo con caja. También sirve para talla 9.5 US. Comisión incluida en el precio.,/products/GAZELLE-03.e0c1ff1e.webp,NO,NO
Yeezy Slide Slate Marine,Adidas,YZY-SLIDE-11,sneakers,,NO,,390000,"4,5,6,7,8",nuevo,Nuevo con caja. Comisión incluida en el precio.,/products/YZY-SLIDE-11.2d265ded.webp,NO,NO
Yeezy Slide Soot,Adidas,YZY-SLIDE-14,sneakers,,NO,,700000,5,nuevo,Nuevo con caja. Caja dañada. Comisión incluida en el precio.,/products/YZY-SLIDE-14.7b893ca3.webp,NO,NO
Yeezy Slide Soot,Adidas,YZY-SLIDE-15,sneakers,,NO,,1000000,6,nuevo,Nuevo con caja. Comisión incluida en el precio.,/products/YZY-SLIDE-15.7b893ca3.webp,NO,NO
Bad Bunny The Last Campus,Adidas x Bad Bunny,ADI-BB-29,sneakers,,NO,,900000,8,nuevo,Nuevo con caja. Comisión incluida en el precio.,/products/ADI-BB-29.af59a3b9.webp,NO,NO
Bad Bunny Chalky Brown,Adidas x Bad Bunny,ADI-BB-30,sneakers,,NO,,880000,5.5,nuevo,Nuevo con caja. Comisión incluida en el precio.,/products/ADI-BB-30.e1da5381.webp,NO,NO
Yeezy Slide Granite,Adidas,YZY-SLIDE-16,sneakers,,NO,,700000,4,nuevo,Nuevo con caja. Comisión incluida en el precio.,/products/YZY-SLIDE-16.ef600eea.webp,NO,NO
Yeezy Slide Granite,Adidas,YZY-SLIDE-17,sneakers,,NO,,1000000,"12,13",nuevo,Nuevo con caja. Comisión incluida en el precio.,/products/YZY-SLIDE-17.ef600eea.webp,NO,NO
Yeezy Slide Bone Restock,Adidas,YZY-SLIDE-18,sneakers,,NO,,780000,4,nuevo,Nuevo con caja. Comisión incluida en el precio.,/products/YZY-SLIDE-18.592e0620.webp,NO,NO
Yeezy Slide Bone Restock,Adidas,YZY-SLIDE-19,sneakers,,NO,,1000000,"8,11,13",nuevo,Nuevo con caja. Comisión incluida en el precio.,/products/YZY-SLIDE-19.592e0620.webp,NO,NO
Yeezy Foam RNR MX Sand Grey,Adidas,YZY-FOAM-08,sneakers,,NO,,1750000,8,nuevo,Nuevo con caja. Comisión incluida en el precio.,/products/YZY-FOAM-08.2ed5bbc2.webp,NO,NO
Yeezy Foam RNR MX Cream Clay,Adidas,YZY-FOAM-09,sneakers,,NO,,1750000,12,nuevo,Nuevo con caja. Comisión incluida en el precio.,/products/YZY-FOAM-09.265c3bb7.webp,NO,NO
Yeezy Foam RNR Clay Taupe,Adidas,YZY-FOAM-10,sneakers,,NO,,650000,5,nuevo,Nuevo con caja. Comisión incluida en el precio.,/products/YZY-FOAM-10.8e02492b.webp,NO,NO
Yeezy Foam RNR Clay Taupe,Adidas,YZY-FOAM-11,sneakers,,NO,,800000,"8,12",nuevo,Nuevo con caja. Comisión incluida en el precio.,/products/YZY-FOAM-11.8e02492b.webp,NO,NO
Yeezy Foam RNR Ochre,Adidas,YZY-FOAM-12,sneakers,,NO,,900000,"7,8,12",nuevo,Nuevo con caja. Comisión incluida en el precio.,/products/YZY-FOAM-12.f295dd8b.webp,NO,NO
Yeezy Foam RNR Sand,Adidas,YZY-FOAM-13,sneakers,,NO,,1000000,12,nuevo,Nuevo con caja. Comisión incluida en el precio.,/products/YZY-FOAM-13.e4d2eaaf.webp,NO,NO
Yeezy Foam RNR Carbon,Adidas,YZY-FOAM-14,sneakers,,NO,,850000,"6,7,10,11,13",nuevo,Nuevo con caja. Comisión incluida en el precio.,/products/YZY-FOAM-14.97ed5727.webp,NO,NO
Yeezy Foam RNR Stone Salt,Adidas,YZY-FOAM-15,sneakers,,NO,,780000,"7,10",nuevo,Nuevo con caja. Comisión incluida en el precio.,/products/YZY-FOAM-15.e79f18e6.webp,NO,NO
Yeezy Foam RNR Stone Salt,Adidas,YZY-FOAM-16,sneakers,,NO,,700000,5,nuevo,Nuevo con caja. Caja dañada. Comisión incluida en el precio.,/products/YZY-FOAM-16.e79f18e6.webp,NO,NO
Yeezy Foam RNR MX Granite,Adidas,YZY-FOAM-17,sneakers,,NO,,800000,"6,11,12",nuevo,Nuevo con caja. Comisión incluida en el precio.,/products/YZY-FOAM-17.682dab0d.webp,NO,NO
Yeezy Slide Flax,Adidas,YZY-SLIDE-20,sneakers,,NO,,900000,6,nuevo,Nuevo con caja. Comisión incluida en el precio.,/products/YZY-SLIDE-20.cb8f8646.webp,NO,NO
Yeezy Foam RNR MX Granite,Adidas,YZY-FOAM-18,sneakers,,NO,,650000,"4,5,6,7,8",nuevo,Nuevo con caja. Comisión incluida en el precio.,/products/YZY-FOAM-18.682dab0d.webp,NO,NO
Yeezy Foam RNR MX Granite,Adidas,YZY-FOAM-19,sneakers,,NO,,780000,"12,13",nuevo,Nuevo con caja. Comisión incluida en el precio.,/products/YZY-FOAM-19.682dab0d.webp,NO,NO
Yeezy 350 Carbon Beluga,Adidas,YZY350-04,sneakers,,NO,,880000,"4,4.5,5,5.5,6,6.5,12",nuevo,Nuevo con caja. Comisión incluida en el precio.,/products/YZY350-04.8d32963c.webp,NO,NO
Yeezy 700 Salt,Adidas,YZY700-03,sneakers,,NO,,1000000,6.5,nuevo,Nuevo con caja. Comisión incluida en el precio.,/products/YZY700-03.30db8eae.webp,NO,NO
Yeezy 350 Pirate Black 2023,Adidas,YZY350-05,sneakers,,NO,,880000,"4,4.5,5,5.5",nuevo,Nuevo con caja. Comisión incluida en el precio.,/products/YZY350-05.bccfbd09.webp,NO,NO
Yeezy 350 Bone,Adidas,YZY350-06,sneakers,,NO,,850000,"4.5,5",nuevo,Nuevo con caja. Comisión incluida en el precio.,/products/YZY350-06.678b91c7.webp,NO,NO
Yeezy 350 Bone,Adidas,YZY350-07,sneakers,,NO,,1300000,7,nuevo,Nuevo con caja. Comisión incluida en el precio.,/products/YZY350-07.678b91c7.webp,NO,NO
Yeezy 350 Bone,Adidas,YZY350-08,sneakers,,NO,,1100000,"11.5,12.5,13,13.5",nuevo,Nuevo con caja. Comisión incluida en el precio.,/products/YZY350-08.678b91c7.webp,NO,NO
Yeezy 350 Onyx,Adidas,YZY350-09,sneakers,,NO,,800000,"4,4.5,5,5.5,6",nuevo,Nuevo con caja. Comisión incluida en el precio.,/products/YZY350-09.a2ebbf13.webp,NO,NO
Yeezy 350 Onyx,Adidas,YZY350-10,sneakers,,NO,,1000000,"6.5,7",nuevo,Nuevo con caja. Comisión incluida en el precio.,/products/YZY350-10.a2ebbf13.webp,NO,NO
Yeezy 350 Onyx,Adidas,YZY350-11,sneakers,,NO,,1750000,7.5,nuevo,Nuevo con caja. Comisión incluida en el precio.,/products/YZY350-11.a2ebbf13.webp,NO,NO
Yeezy 350 Onyx,Adidas,YZY350-12,sneakers,,NO,,2000000,"12.5,13,13.5",nuevo,Nuevo con caja. Comisión incluida en el precio.,/products/YZY350-12.a2ebbf13.webp,NO,NO
Yeezy 350 Granite,Adidas,YZY350-13,sneakers,,NO,,880000,"4,4.5,6.5",nuevo,Nuevo con caja. Comisión incluida en el precio.,/products/YZY350-13.e6049faf.webp,NO,NO
Yeezy 350 Static,Adidas,YZY350-14,sneakers,,NO,,800000,"4.5,5",nuevo,Nuevo con caja. Comisión incluida en el precio.,/products/YZY350-14.a27ad37d.webp,NO,NO
Yeezy 350 Static,Adidas,YZY350-15,sneakers,,NO,,1000000,"6,6.5,7",nuevo,Nuevo con caja. Comisión incluida en el precio.,/products/YZY350-15.a27ad37d.webp,NO,NO
Yeezy 350 Static,Adidas,YZY350-16,sneakers,,NO,,1750000,"7.5,11.5,12,12.5,13,13.5",nuevo,Nuevo con caja. Comisión incluida en el precio.,/products/YZY350-16.a27ad37d.webp,NO,NO
Yeezy 350 Steelgrey,Adidas,YZY350-17,sneakers,,NO,,750000,4.5,nuevo,Nuevo con caja. Comisión incluida en el precio.,/products/YZY350-17.a3be1b15.webp,NO,NO
Samba Cardboard,Adidas,SAMBA-01,sneakers,,NO,,1000000,"7.5,8,9.5,10",nuevo,Nuevo con caja. Comisión incluida en el precio.,/products/SAMBA-01.575b2ea3.webp,NO,NO
Samba Cardboard,Adidas,SAMBA-02,sneakers,,NO,,880000,"8.5,9",nuevo,Nuevo con caja. Comisión incluida en el precio.,/products/SAMBA-02.575b2ea3.webp,NO,NO
Samba OG Navy,Adidas,SAMBA-03,sneakers,,NO,,800000,7.5,nuevo,Nuevo con caja. Comisión incluida en el precio.,/products/SAMBA-03.7ef290dc.webp,NO,NO
Samba OG Navy,Adidas,SAMBA-04,sneakers,,NO,,650000,11,nuevo,Nuevo con caja. Comisión incluida en el precio.,/products/SAMBA-04.7ef290dc.webp,NO,NO
Hand Spezial Scarlet Gum,Adidas,HANDSPEZIAL-01,sneakers,,NO,,680000,8.5,nuevo,Nuevo con caja. Comisión incluida en el precio.,/products/HANDSPEZIAL-01.5de0e416.webp,NO,NO
South Park Towelie,Adidas,SOUTHPARK-01,sneakers,,NO,,1000000,4,nuevo,"Nuevo con caja. Caja dañada, falta 1 llavero. Comisión incluida en el precio.",/products/SOUTHPARK-01.67f0fb6d.webp,NO,NO
Allstar Ninja Turtles,Adidas,ALLSTAR-01,sneakers,,NO,,580000,4,nuevo,Nuevo con caja. Comisión incluida en el precio.,/products/ALLSTAR-01.202b26b0.webp,NO,NO
Bad Bunny Cabo Rojo,Adidas x Bad Bunny,ADI-BB-31,sneakers,,NO,,1350000,"5,6,6.5,7",nuevo,Nuevo con caja. Comisión incluida en el precio.,/products/ADI-BB-31.9ee72b5e.webp,NO,NO
Samba Cow Print,Adidas,SAMBA-05,sneakers,,NO,,800000,"6,7,7.5,9",nuevo,Nuevo con caja. Comisión incluida en el precio.,/products/SAMBA-05.2e132c59.webp,NO,NO
Yeezy 350 Compct,Adidas,YZY350-18,sneakers,,NO,,950000,"13,13.5",nuevo,Nuevo con caja. Comisión incluida en el precio.,/products/YZY350-18.1f7dc6b4.webp,NO,NO
Yeezy 350 Clay,Adidas,YZY350-19,sneakers,,NO,,880000,9,nuevo,Nuevo con caja. Comisión incluida en el precio.,/products/YZY350-19.97fc7b34.webp,NO,NO
Yeezy 350 Bred,Adidas,YZY350-20,sneakers,,NO,,1500000,6,nuevo,Nuevo con caja. Comisión incluida en el precio.,/products/YZY350-20.a639d578.webp,NO,NO
Yeezy 450 Utility Black,Adidas,YZY450-02,sneakers,,NO,,580000,5,nuevo,Nuevo con caja. Comisión incluida en el precio.,/products/YZY450-02.87a8ca04.webp,NO,NO
Yeezy Desert Boot Rock,Adidas,YZYDSRT-01,sneakers,,NO,,2800000,12,nuevo,Nuevo con caja. Comisión incluida en el precio.,/products/YZYDSRT-01.ec3d4a7d.webp,NO,NO
Yeezy 350 Dazzling Blue,Adidas,YZY350-22,sneakers,,NO,,2000000,11.5,nuevo,Nuevo con caja. Comisión incluida en el precio.,/products/YZY350-22.a7dde67e.webp,NO,NO
Yeezy 700 Vanta,Adidas,YZY700-04,sneakers,,NO,,2250000,9.5,nuevo,Nuevo con caja. Comisión incluida en el precio.,/products/YZY700-04.2523e060.webp,NO,NO
Yeezy 350 MX Dark Salt,Adidas,YZY350-23,sneakers,,NO,,750000,"4.5,5,6",nuevo,Nuevo con caja. Comisión incluida en el precio.,/products/YZY350-23.fc9a5db1.webp,NO,NO
Yeezy 700 Utility Black,Adidas,YZY700-06,sneakers,,NO,,750000,4.5,nuevo,Nuevo con caja. Comisión incluida en el precio.,/products/YZY700-06.8dc2d2ca.webp,NO,NO
Yeezy 700 Utility Black,Adidas,YZY700-07,sneakers,,NO,,1000000,"6.5,7",nuevo,Nuevo con caja. Comisión incluida en el precio.,/products/YZY700-07.8dc2d2ca.webp,NO,NO
Yeezy 700 V3 Fade Salt,Adidas,YZY700V3-01,sneakers,,NO,,600000,"4,4.5,5",nuevo,Nuevo con caja. Comisión incluida en el precio.,/products/YZY700V3-01.9d3cbc6d.webp,NO,NO
Yeezy Slide Enflame Orange,Adidas,YZY-SLIDE-21,sneakers,,NO,,1650000,7,nuevo,Nuevo con caja. Comisión incluida en el precio.,https://i.postimg.cc/7YZfYK2X/Copia-de-Copia-de-Sin-titulo-(2000-x-2000-px).png,NO,124
Yeezy 700 Washed Orange,Adidas,YZY700-08,sneakers,,NO,,980000,10,nuevo,Nuevo con caja. Comisión incluida en el precio.,/products/YZY700-08.59c08e26.webp,NO,NO
Yeezy Slide Slate Grey,Adidas,YZY-SLIDE-22,sneakers,,NO,,800000,"4,5",nuevo,Nuevo con caja. Comisión incluida en el precio.,/products/YZY-SLIDE-22.d2079595.webp,NO,NO
Yeezy Slide Slate Grey,Adidas,YZY-SLIDE-23,sneakers,,NO,,950000,"6,7",nuevo,Nuevo con caja. Comisión incluida en el precio.,/products/YZY-SLIDE-23.d2079595.webp,NO,NO
Yeezy 500 Bone White,Adidas,YZY500-01,sneakers,,NO,,500000,"12.5,13",nuevo,Nuevo con caja. Upper manchado. Comisión incluida en el precio.,/products/YZY500-01.81a8d6c9.webp,NO,NO
Adi2000 Yu-Gi-Oh Blue Eyes,Adidas,ADI2000-01,sneakers,,NO,,1700000,11.5,nuevo,"Nuevo con caja. Caja dañada, accesorios completos. Comisión incluida en el precio.",/products/ADI2000-01.89d39982.webp,NO,NO
Forum Bad Bunny Easter Egg,Adidas x Bad Bunny,ADI-BB-32,sneakers,,NO,,4100000,8,nuevo,Nuevo con caja. Con accesorios. Comisión incluida en el precio.,/products/ADI-BB-32.1423512b.webp,NO,NO
Forum Bad Bunny First Cafe,Adidas x Bad Bunny,ADI-BB-33,sneakers,,NO,,5000000,6.5,nuevo,Nuevo con caja. Con accesorios. Comisión incluida en el precio.,/products/ADI-BB-33.ff1b5254.webp,NO,NO
Vomero Plus Orange Pulse,Nike,VOMEROPLUS-01,sneakers,,NO,,900000,11,nuevo,Nuevo con caja. Comisión incluida en el precio.,/products/VOMEROPLUS-01.7a376c77.webp,NO,NO
Jellyfish White,Adidas x Bad Bunny,ADI-BB-34,sneakers,,NO,,1600000,7.5,nuevo,Nuevo con caja. Comisión incluida en el precio.,/products/ADI-BB-34.34cd37ac.webp,NO,NO
Converse Le Fleur,Converse,LEFLEUR-01,sneakers,,NO,,700000,8,nuevo,Nuevo con caja. Comisión incluida en el precio.,/products/LEFLEUR-01.45ef6a3a.webp,NO,NO
Jordan 3 Retro Spring,Jordan,AJ3-05,sneakers,,NO,,850000,9,nuevo,Nuevo con caja. Comisión incluida en el precio.,/products/AJ3-05.063ff43c.webp,NO,NO
Yeezy Azareth,Adidas,YZYAZARETH-01,sneakers,,NO,,1250000,10.5,nuevo,Nuevo con caja. Comisión incluida en el precio.,/products/YZYAZARETH-01.e7fb3ea3.webp,NO,NO
Travis Scott Mocha,Nike,AM1-03,sneakers,,NO,,5800000,8.5,usado,Usado con caja. Usado 1 vez. Comisión incluida en el precio.,/products/AM1-03.69f48e96.webp,NO,NO
